{
  "accuracy": 1.0,
  "n_samples": 50,
  "n_samples_per_class": {
    "A": 10,
    "E": 10,
    "I": 10,
    "O": 10,
    "U": 10
  },
  "classes": [
    "A",
    "E",
    "I",
    "O",
    "U"
  ],
  "classification_report": {
    "A": {
      "precision": 1.0,
      "recall": 1.0,
      "f1-score": 1.0,
      "support": 2.0
    },
    "E": {
      "precision": 1.0,
      "recall": 1.0,
      "f1-score": 1.0,
      "support": 2.0
    },
    "I": {
      "precision": 1.0,
      "recall": 1.0,
      "f1-score": 1.0,
      "support": 2.0
    },
    "O": {
      "precision": 1.0,
      "recall": 1.0,
      "f1-score": 1.0,
      "support": 2.0
    },
    "U": {
      "precision": 1.0,
      "recall": 1.0,
      "f1-score": 1.0,
      "support": 2.0
    },
    "accuracy": 1.0,
    "macro avg": {
      "precision": 1.0,
      "recall": 1.0,
      "f1-score": 1.0,
      "support": 10.0
    },
    "weighted avg": {
      "precision": 1.0,
      "recall": 1.0,
      "f1-score": 1.0,
      "support": 10.0
    }
  },
  "feature_importance": [
    0.022735757181161484,
    0.01946942082923586,
    0.014283811598500382,
    0.004661583760479335,
    0.01401473473205877,
    0.012596846850854635,
    0.017463012664346064,
    0.0036764066506741657,
    0.019921510424300567,
    0.010178150323046921,
    0.007622611001104534,
    0.01557981674904335,
    0.03170362668236448,
    0.025089184451645808,
    0.003970879269202105,
    0.02797398564538359,
    0.02263155656331371,
    0.012177552730392838,
    0.018881783823037412,
    0.025971213833274612,
    0.01337438121040851,
    0.026799698040865693,
    0.012326541758105913,
    0.010483589362698336,
    0.01165042434614469,
    0.023330781218616092,
    0.03277459343720888,
    0.026582400910185423,
    0.0023673941321000146,
    0.010028739229804018,
    0.0091746539640507,
    0.01896737784727772,
    0.010171316704296073,
    0.01906973958939139,
    0.008196462385304375,
    0.008198985267049135,
    0.03136567063589037,
    0.015510448946460831,
    0.017335009136833647,
    0.021716407152804384,
    0.02262483848168546,
    0.009891114585121024,
    0.021797054400265345,
    0.006128291899232416,
    0.01752182063312997,
    0.013991546100670821,
    0.016725392369807687,
    0.027961877895488537,
    0.007348128206308138,
    0.010027462783876498,
    0.009922703574992264,
    0.021869499997805172,
    0.024235562990890372,
    0.015004038830965426,
    0.00472674057907755,
    0.004009942994979472,
    0.011442972479399214,
    0.010816672714176787,
    0.007211782852762551,
    0.01677401440612324,
    0.002931591130604289,
    0.023558715762977623,
    0.00995311070065358,
    0.023497062590089754
  ]
}