{
  "accuracy": 1.0,
  "n_samples": 55,
  "n_samples_per_class": {
    "A": 11,
    "E": 11,
    "I": 11,
    "O": 11,
    "U": 11
  },
  "classes": [
    "A",
    "E",
    "I",
    "O",
    "U"
  ],
  "classification_report": {
    "A": {
      "precision": 1.0,
      "recall": 1.0,
      "f1-score": 1.0,
      "support": 2.0
    },
    "E": {
      "precision": 1.0,
      "recall": 1.0,
      "f1-score": 1.0,
      "support": 2.0
    },
    "I": {
      "precision": 1.0,
      "recall": 1.0,
      "f1-score": 1.0,
      "support": 2.0
    },
    "O": {
      "precision": 1.0,
      "recall": 1.0,
      "f1-score": 1.0,
      "support": 3.0
    },
    "U": {
      "precision": 1.0,
      "recall": 1.0,
      "f1-score": 1.0,
      "support": 2.0
    },
    "accuracy": 1.0,
    "macro avg": {
      "precision": 1.0,
      "recall": 1.0,
      "f1-score": 1.0,
      "support": 11.0
    },
    "weighted avg": {
      "precision": 1.0,
      "recall": 1.0,
      "f1-score": 1.0,
      "support": 11.0
    }
  },
  "feature_importance": [
    0.01090357057636226,
    0.008491718491707994,
    0.002242249486440135,
    0.0030055518038140903,
    0.013117664977041294,
    0.010424360271299364,
    0.01993540609591705,
    0.012069569287992892,
    0.005612965429275965,
    0.007052537863106405,
    0.025362876338653216,
    0.005338138793131808,
    0.013771613445561652,
    0.03072952787862796,
    0.004700178553046308,
    0.015239758918700563,
    0.010689915587212715,
    0.015491548667613163,
    0.002248096290837632,
    0.041395403438641176,
    0.004325929012909512,
    0.025075516071470155,
    0.01366688713913141,
    0.005558067913436208,
    0.013078793068505772,
    0.036869377008256855,
    0.013834470072014105,
    0.0332371769613061,
    0.006985732654036612,
    0.007556861083044346,
    0.0017483443708609268,
    0.016818657227745146,
    0.005489281944441114,
    0.012847104619865388,
    0.019795551436645308,
    0.013759098949226098,
    0.017231882636634152,
    0.023124428712792033,
    0.01213263038492743,
    0.028172130770398766,
    0.006041757354372579,
    0.01640494824908191,
    0.013381629776721377,
    0.011438889779356406,
    0.007908449804189142,
    0.018952821321166498,
    0.014480385633982074,
    0.03521732551979017,
    0.013033083546952618,
    0.010340427341563764,
    0.023176570287504715,
    0.008327064041000025,
    0.020427593326522806,
    0.01505462423211788,
    0.009567324420662946,
    0.010470317944423822,
    0.01504608975452521,
    0.042297411507005486,
    0.026065995298307065,
    0.027182701301165627,
    0.029568410819119862,
    0.0070767610230527385,
    0.030659789714183323,
    0.018749053770600876
  ]
}