{"accuracy": 1.0, "n_samples": 112, "n_samples_per_class": {"A": 21, "E": 13, "I": 24, "O": 24, "U": 30}, "classification_report": {"A": {"precision": 1.0, "recall": 1.0, "f1-score": 1.0, "support": 4.0}, "E": {"precision": 1.0, "recall": 1.0, "f1-score": 1.0, "support": 3.0}, "I": {"precision": 1.0, "recall": 1.0, "f1-score": 1.0, "support": 5.0}, "O": {"precision": 1.0, "recall": 1.0, "f1-score": 1.0, "support": 5.0}, "U": {"precision": 1.0, "recall": 1.0, "f1-score": 1.0, "support": 6.0}, "accuracy": 1.0, "macro avg": {"precision": 1.0, "recall": 1.0, "f1-score": 1.0, "support": 23.0}, "weighted avg": {"precision": 1.0, "recall": 1.0, "f1-score": 1.0, "support": 23.0}}, "feature_importance": [0.006974257255889686, 0.02970763729122492, 0.020349752370402655, 0.0, 0.023795371873061858, 0.018193974407887004, 0.008916015451145672, 0.0, 0.008530910855623991, 0.017866515961497968, 0.008660215628129889, 0.0, 0.013631121058969782, 0.023216743252736358, 0.010274188660981287, 0.0, 0.022328961014368334, 0.025199814750780876, 0.002050844645780029, 0.0, 0.01742907735817745, 0.014266409335870306, 0.007482228771615037, 0.0, 0.026148156354548056, 0.016959757002858646, 0.01281256680696003, 0.0, 0.015554099853428064, 0.019791392962012776, 0.013755701487734407, 0.0, 0.02206405209593122, 0.029068480225427934, 0.006548181312787104, 0.0, 0.015289107895273102, 0.01923266292131601, 0.003700751867874096, 0.0, 0.01644690596827466, 0.018606088559011077, 0.010518478168460538, 0.0, 0.015114815173993245, 0.025812824682237494, 0.005688919391252291, 0.0, 0.01019813160858065, 0.031445080591065745, 0.002331498527435751, 0.0, 0.009076335733532002, 0.008809438710606516, 0.0024324960071124366, 0.0, 0.014248617986336875, 0.01637072851702197, 0.002137940489713912, 0.0, 0.013103300595536993, 0.02541260161151624, 0.005108695191282691, 0.0, 0.022349207175501908, 0.015823677405650646, 0.007869647626385602, 0.0, 0.011075698854886178, 0.012266808817118259, 0.007825621939716343, 0.0, 0.030823636725166293, 0.02174477196841741, 0.010318276011293814, 0.0, 0.031923647636501976, 0.027497933435775113, 0.012815852271462782, 0.0, 0.019964482068228376, 0.021020982707790473, 0.011513193408539074, 0.0, 0.022504713704300072], "classes": ["A", "E", "I", "O", "U"]}