{"accuracy": 1.0, "n_samples": 42, "n_samples_per_class": {"A": 9, "E": 8, "I": 8, "O": 7, "U": 10}, "classification_report": {"A": {"precision": 1.0, "recall": 1.0, "f1-score": 1.0, "support": 2.0}, "E": {"precision": 1.0, "recall": 1.0, "f1-score": 1.0, "support": 2.0}, "I": {"precision": 1.0, "recall": 1.0, "f1-score": 1.0, "support": 2.0}, "O": {"precision": 1.0, "recall": 1.0, "f1-score": 1.0, "support": 1.0}, "U": {"precision": 1.0, "recall": 1.0, "f1-score": 1.0, "support": 2.0}, "accuracy": 1.0, "macro avg": {"precision": 1.0, "recall": 1.0, "f1-score": 1.0, "support": 9.0}, "weighted avg": {"precision": 1.0, "recall": 1.0, "f1-score": 1.0, "support": 9.0}}, "feature_importance": [0.018898199518952465, 0.02497983463744195, 0.018962509223998465, 0.0, 0.012731470731009695, 0.02107904516393492, 0.016184954174954438, 0.0, 0.012008273812065713, 0.023932464845719197, 0.005456022648837623, 0.0, 0.028053489285564573, 0.02250515181887396, 0.008766287212779979, 0.0, 0.034749496360108836, 0.02931692526184869, 0.003489868186102791, 0.0, 0.02222148459170987, 0.014749100202667986, 0.005904332381261985, 0.0, 0.025326805473332707, 0.011772710961440953, 0.005191362978135213, 0.0, 0.03245975369504114, 0.025535788410447603, 0.004026250731954062, 0.0, 0.033120050800017474, 0.03735598377619607, 0.002518069069183814, 0.0, 0.0120951136462496, 0.01933760756612644, 0.0043942990816339565, 0.0, 0.010526118736113723, 0.015086309143033076, 0.00935748095341939, 0.0, 0.01516217969916803, 0.025688924038182827, 0.008207735380388652, 0.0, 0.0067917331909610225, 0.02640463893483074, 0.005128860444075259, 0.0, 0.004642001795501591, 0.021874317318167632, 0.003779304454022337, 0.0, 0.010342882490263794, 0.009098581879581114, 0.0035574195238949704, 0.0, 0.020900036213829253, 0.0335106882686843, 0.019260591842813143, 0.0, 0.020153466927346417, 0.014897341779248929, 0.004716446241839181, 0.0, 0.013933558212799905, 0.022390254783412708, 0.0023924000929670623, 0.0, 0.018985178444069793, 0.016224035461846836, 0.004358064416956037, 0.0, 0.017422999950972427, 0.004495092194808618, 0.000986765966601357, 0.0, 0.011981554266070202, 0.017704204086020293, 0.00014700823421775027, 0.0, 0.04276911838629963], "classes": ["A", "E", "I", "O", "U"]}